ID,Title,Description
1,01 - First Title,<div>This is the <strong>first</strong> description</div>
2,02 - Second Title,<div>This is the <strong>second</strong> description</div>
3,03 - Third Title,<div>This is the <strong>third</strong> description</div>
4,04 - Fourth Title,<div>This is the <strong>fourth</strong> description</div>
5,05 - Fifth Title,<div>This is the <strong>fifth</strong> description</div>
6,06 - Sixth Title,<div>This is the <strong>sixth</strong> description</div>
7,07 - Seventh Title,<div>This is the <strong>seventh</strong> description</div>
8,08 - Eighth Title,<div>This is the <strong>eighth</strong> description</div>
9,09 - Nineth Title,<div>This is the <strong>nineth</strong> description</div>
10,10 - Tenth Title,<div>This is the <strong>tenth</strong> description</div>
